{"cameraMode":{"drawMode":0,"name":"Shaded","section":"Shading Mode"},"sceneLighting":true,"audioPlay":false,"sceneViewState":{"m_AlwaysRefresh":false,"showFog":false,"showSkybox":false,"showFlares":false,"showImageEffects":false,"showParticleSystems":false,"showVisualEffectGraphs":true,"m_FxEnabled":true},"in2DMode":false,"pivot":{"x":-1.4974467754364014,"y":14.071889877319336,"z":18.205703735351564},"rotation":{"x":-0.37100133299827578,"y":0.01198639813810587,"z":-0.004766480531543493,"w":-0.9285722374916077},"size":17.336971282958986,"orthographic":false}